,geography_code,variable_name,Savings and Investments of Adults in the Family of the Individual,value,date,total_people_for_year,percent
0,E12000001,In low income (below threshold),"Less than £1,500",93746.33333333333,1994-95 - 1996-97,2543594.0,3.7
1,E12000001,In low income (below threshold),No savings,400444.0,1994-95 - 1996-97,2543594.0,15.7
2,E12000001,In low income (below threshold),"£1,500 but less than £3,000",31198.0,1994-95 - 1996-97,2543594.0,1.2
3,E12000001,In low income (below threshold),"£10,000 but less than £16,000",15133.333333333334,1994-95 - 1996-97,2543594.0,0.6
4,E12000001,In low income (below threshold),"£16,000 but less than £20,000",7196.0,1994-95 - 1996-97,2543594.0,0.3
5,E12000001,In low income (below threshold),"£20,000 or more",15081.0,1994-95 - 1996-97,2543594.0,0.6
6,E12000001,In low income (below threshold),"£3,000 but less than £8,000",41397.0,1994-95 - 1996-97,2543594.0,1.6
7,E12000001,In low income (below threshold),"£8,000 but less than £10,000",4384.0,1994-95 - 1996-97,2543594.0,0.2
16,E12000002,In low income (below threshold),"Less than £1,500",213197.66666666666,1994-95 - 1996-97,6719032.333333333,3.2
17,E12000002,In low income (below threshold),No savings,893619.3333333334,1994-95 - 1996-97,6719032.333333333,13.3
18,E12000002,In low income (below threshold),"£1,500 but less than £3,000",63819.666666666664,1994-95 - 1996-97,6719032.333333333,0.9
19,E12000002,In low income (below threshold),"£10,000 but less than £16,000",32459.666666666668,1994-95 - 1996-97,6719032.333333333,0.5
20,E12000002,In low income (below threshold),"£16,000 but less than £20,000",13848.333333333334,1994-95 - 1996-97,6719032.333333333,0.2
21,E12000002,In low income (below threshold),"£20,000 or more",41876.0,1994-95 - 1996-97,6719032.333333333,0.6
22,E12000002,In low income (below threshold),"£3,000 but less than £8,000",110253.66666666667,1994-95 - 1996-97,6719032.333333333,1.6
23,E12000002,In low income (below threshold),"£8,000 but less than £10,000",20037.666666666668,1994-95 - 1996-97,6719032.333333333,0.3
32,E12000003,In low income (below threshold),"Less than £1,500",166183.0,1994-95 - 1996-97,4882394.666666666,3.4
33,E12000003,In low income (below threshold),No savings,678143.6666666666,1994-95 - 1996-97,4882394.666666666,13.9
34,E12000003,In low income (below threshold),"£1,500 but less than £3,000",60450.666666666664,1994-95 - 1996-97,4882394.666666666,1.2
35,E12000003,In low income (below threshold),"£10,000 but less than £16,000",36622.333333333336,1994-95 - 1996-97,4882394.666666666,0.8
36,E12000003,In low income (below threshold),"£16,000 but less than £20,000",13793.666666666666,1994-95 - 1996-97,4882394.666666666,0.3
37,E12000003,In low income (below threshold),"£20,000 or more",48755.666666666664,1994-95 - 1996-97,4882394.666666666,1.0
38,E12000003,In low income (below threshold),"£3,000 but less than £8,000",81527.0,1994-95 - 1996-97,4882394.666666666,1.7
39,E12000003,In low income (below threshold),"£8,000 but less than £10,000",18786.333333333332,1994-95 - 1996-97,4882394.666666666,0.4
0,E12000001,In low income (below threshold),"Less than £1,500",99018.33333333333,1995-96 - 1997-98,2536193.3333333335,3.9
1,E12000001,In low income (below threshold),No savings,417932.6666666667,1995-96 - 1997-98,2536193.3333333335,16.5
2,E12000001,In low income (below threshold),"£1,500 but less than £3,000",27516.0,1995-96 - 1997-98,2536193.3333333335,1.1
3,E12000001,In low income (below threshold),"£10,000 but less than £16,000",12537.0,1995-96 - 1997-98,2536193.3333333335,0.5
4,E12000001,In low income (below threshold),"£16,000 but less than £20,000",7262.666666666667,1995-96 - 1997-98,2536193.3333333335,0.3
5,E12000001,In low income (below threshold),"£20,000 or more",14407.333333333334,1995-96 - 1997-98,2536193.3333333335,0.6
6,E12000001,In low income (below threshold),"£3,000 but less than £8,000",35405.0,1995-96 - 1997-98,2536193.3333333335,1.4
7,E12000001,In low income (below threshold),"£8,000 but less than £10,000",4414.666666666667,1995-96 - 1997-98,2536193.3333333335,0.2
16,E12000002,In low income (below threshold),"Less than £1,500",211684.0,1995-96 - 1997-98,6703666.666666666,3.2
17,E12000002,In low income (below threshold),No savings,924362.6666666666,1995-96 - 1997-98,6703666.666666666,13.8
18,E12000002,In low income (below threshold),"£1,500 but less than £3,000",61970.333333333336,1995-96 - 1997-98,6703666.666666666,0.9
19,E12000002,In low income (below threshold),"£10,000 but less than £16,000",25596.0,1995-96 - 1997-98,6703666.666666666,0.4
20,E12000002,In low income (below threshold),"£16,000 but less than £20,000",10732.666666666666,1995-96 - 1997-98,6703666.666666666,0.2
21,E12000002,In low income (below threshold),"£20,000 or more",41868.0,1995-96 - 1997-98,6703666.666666666,0.6
22,E12000002,In low income (below threshold),"£3,000 but less than £8,000",102239.0,1995-96 - 1997-98,6703666.666666666,1.5
23,E12000002,In low income (below threshold),"£8,000 but less than £10,000",22678.666666666668,1995-96 - 1997-98,6703666.666666666,0.3
32,E12000003,In low income (below threshold),"Less than £1,500",183917.0,1995-96 - 1997-98,4880677.0,3.8
33,E12000003,In low income (below threshold),No savings,676982.6666666666,1995-96 - 1997-98,4880677.0,13.9
34,E12000003,In low income (below threshold),"£1,500 but less than £3,000",52756.333333333336,1995-96 - 1997-98,4880677.0,1.1
35,E12000003,In low income (below threshold),"£10,000 but less than £16,000",30564.333333333332,1995-96 - 1997-98,4880677.0,0.6
36,E12000003,In low income (below threshold),"£16,000 but less than £20,000",13309.0,1995-96 - 1997-98,4880677.0,0.3
37,E12000003,In low income (below threshold),"£20,000 or more",44143.333333333336,1995-96 - 1997-98,4880677.0,0.9
38,E12000003,In low income (below threshold),"£3,000 but less than £8,000",72423.33333333333,1995-96 - 1997-98,4880677.0,1.5
39,E12000003,In low income (below threshold),"£8,000 but less than £10,000",20956.333333333332,1995-96 - 1997-98,4880677.0,0.4
0,E12000001,In low income (below threshold),"Less than £1,500",109430.33333333333,1996-97 - 1998-99,2528602.3333333335,4.3
1,E12000001,In low income (below threshold),No savings,425809.6666666667,1996-97 - 1998-99,2528602.3333333335,16.8
2,E12000001,In low income (below threshold),"£1,500 but less than £3,000",23902.333333333332,1996-97 - 1998-99,2528602.3333333335,0.9
3,E12000001,In low income (below threshold),"£10,000 but less than £16,000",14466.333333333334,1996-97 - 1998-99,2528602.3333333335,0.6
4,E12000001,In low income (below threshold),"£16,000 but less than £20,000",6919.0,1996-97 - 1998-99,2528602.3333333335,0.3
5,E12000001,In low income (below threshold),"£20,000 or more",10894.333333333334,1996-97 - 1998-99,2528602.3333333335,0.4
6,E12000001,In low income (below threshold),"£3,000 but less than £8,000",28062.666666666668,1996-97 - 1998-99,2528602.3333333335,1.1
7,E12000001,In low income (below threshold),"£8,000 but less than £10,000",7222.666666666667,1996-97 - 1998-99,2528602.3333333335,0.3
16,E12000002,In low income (below threshold),"Less than £1,500",249240.33333333334,1996-97 - 1998-99,6691294.666666667,3.7
17,E12000002,In low income (below threshold),No savings,981653.6666666666,1996-97 - 1998-99,6691294.666666667,14.7
18,E12000002,In low income (below threshold),"£1,500 but less than £3,000",65429.333333333336,1996-97 - 1998-99,6691294.666666667,1.0
19,E12000002,In low income (below threshold),"£10,000 but less than £16,000",27951.333333333332,1996-97 - 1998-99,6691294.666666667,0.4
20,E12000002,In low income (below threshold),"£16,000 but less than £20,000",15258.0,1996-97 - 1998-99,6691294.666666667,0.2
21,E12000002,In low income (below threshold),"£20,000 or more",46285.666666666664,1996-97 - 1998-99,6691294.666666667,0.7
22,E12000002,In low income (below threshold),"£3,000 but less than £8,000",103907.0,1996-97 - 1998-99,6691294.666666667,1.6
23,E12000002,In low income (below threshold),"£8,000 but less than £10,000",20669.666666666668,1996-97 - 1998-99,6691294.666666667,0.3
32,E12000003,In low income (below threshold),"Less than £1,500",210258.66666666666,1996-97 - 1998-99,4879174.666666667,4.3
33,E12000003,In low income (below threshold),No savings,688057.6666666666,1996-97 - 1998-99,4879174.666666667,14.1
34,E12000003,In low income (below threshold),"£1,500 but less than £3,000",55917.666666666664,1996-97 - 1998-99,4879174.666666667,1.1
35,E12000003,In low income (below threshold),"£10,000 but less than £16,000",31777.333333333332,1996-97 - 1998-99,4879174.666666667,0.7
36,E12000003,In low income (below threshold),"£16,000 but less than £20,000",12432.0,1996-97 - 1998-99,4879174.666666667,0.3
37,E12000003,In low income (below threshold),"£20,000 or more",40017.333333333336,1996-97 - 1998-99,4879174.666666667,0.8
38,E12000003,In low income (below threshold),"£3,000 but less than £8,000",77222.0,1996-97 - 1998-99,4879174.666666667,1.6
39,E12000003,In low income (below threshold),"£8,000 but less than £10,000",19341.0,1996-97 - 1998-99,4879174.666666667,0.4
0,E12000001,In low income (below threshold),"Less than £1,500",115664.0,1997-98 - 1999-00,2519712.0,4.6
1,E12000001,In low income (below threshold),No savings,430781.6666666667,1997-98 - 1999-00,2519712.0,17.1
2,E12000001,In low income (below threshold),"£1,500 but less than £3,000",25249.333333333332,1997-98 - 1999-00,2519712.0,1.0
3,E12000001,In low income (below threshold),"£10,000 but less than £16,000",13787.333333333334,1997-98 - 1999-00,2519712.0,0.5
4,E12000001,In low income (below threshold),"£16,000 but less than £20,000",2919.6666666666665,1997-98 - 1999-00,2519712.0,0.1
5,E12000001,In low income (below threshold),"£20,000 or more",11592.666666666666,1997-98 - 1999-00,2519712.0,0.5
6,E12000001,In low income (below threshold),"£3,000 but less than £8,000",34090.333333333336,1997-98 - 1999-00,2519712.0,1.4
7,E12000001,In low income (below threshold),"£8,000 but less than £10,000",7813.0,1997-98 - 1999-00,2519712.0,0.3
16,E12000002,In low income (below threshold),"Less than £1,500",273354.3333333333,1997-98 - 1999-00,6678748.666666667,4.1
17,E12000002,In low income (below threshold),No savings,922315.0,1997-98 - 1999-00,6678748.666666667,13.8
18,E12000002,In low income (below threshold),"£1,500 but less than £3,000",68204.33333333333,1997-98 - 1999-00,6678748.666666667,1.0
19,E12000002,In low income (below threshold),"£10,000 but less than £16,000",28055.333333333332,1997-98 - 1999-00,6678748.666666667,0.4
20,E12000002,In low income (below threshold),"£16,000 but less than £20,000",17273.666666666668,1997-98 - 1999-00,6678748.666666667,0.3
21,E12000002,In low income (below threshold),"£20,000 or more",51864.333333333336,1997-98 - 1999-00,6678748.666666667,0.8
22,E12000002,In low income (below threshold),"£3,000 but less than £8,000",108353.33333333333,1997-98 - 1999-00,6678748.666666667,1.6
23,E12000002,In low income (below threshold),"£8,000 but less than £10,000",25662.0,1997-98 - 1999-00,6678748.666666667,0.4
32,E12000003,In low income (below threshold),"Less than £1,500",229245.66666666666,1997-98 - 1999-00,4877066.666666667,4.7
33,E12000003,In low income (below threshold),No savings,673052.6666666666,1997-98 - 1999-00,4877066.666666667,13.8
34,E12000003,In low income (below threshold),"£1,500 but less than £3,000",63288.333333333336,1997-98 - 1999-00,4877066.666666667,1.3
35,E12000003,In low income (below threshold),"£10,000 but less than £16,000",28406.333333333332,1997-98 - 1999-00,4877066.666666667,0.6
36,E12000003,In low income (below threshold),"£16,000 but less than £20,000",15717.333333333334,1997-98 - 1999-00,4877066.666666667,0.3
37,E12000003,In low income (below threshold),"£20,000 or more",34503.666666666664,1997-98 - 1999-00,4877066.666666667,0.7
38,E12000003,In low income (below threshold),"£3,000 but less than £8,000",77867.0,1997-98 - 1999-00,4877066.666666667,1.6
39,E12000003,In low income (below threshold),"£8,000 but less than £10,000",17475.333333333332,1997-98 - 1999-00,4877066.666666667,0.4
0,E12000001,In low income (below threshold),"Less than £1,500",115504.66666666667,1998-99 - 2000-01,2511034.3333333335,4.6
1,E12000001,In low income (below threshold),No savings,437526.6666666667,1998-99 - 2000-01,2511034.3333333335,17.4
2,E12000001,In low income (below threshold),"£1,500 but less than £3,000",18986.666666666668,1998-99 - 2000-01,2511034.3333333335,0.8
3,E12000001,In low income (below threshold),"£10,000 but less than £16,000",13403.666666666666,1998-99 - 2000-01,2511034.3333333335,0.5
4,E12000001,In low income (below threshold),"£16,000 but less than £20,000",4455.0,1998-99 - 2000-01,2511034.3333333335,0.2
5,E12000001,In low income (below threshold),"£20,000 or more",10184.333333333334,1998-99 - 2000-01,2511034.3333333335,0.4
6,E12000001,In low income (below threshold),"£3,000 but less than £8,000",36229.666666666664,1998-99 - 2000-01,2511034.3333333335,1.4
7,E12000001,In low income (below threshold),"£8,000 but less than £10,000",7735.0,1998-99 - 2000-01,2511034.3333333335,0.3
16,E12000002,In low income (below threshold),"Less than £1,500",303211.6666666667,1998-99 - 2000-01,6671327.666666667,4.5
17,E12000002,In low income (below threshold),No savings,841405.3333333334,1998-99 - 2000-01,6671327.666666667,12.6
18,E12000002,In low income (below threshold),"£1,500 but less than £3,000",64405.333333333336,1998-99 - 2000-01,6671327.666666667,1.0
19,E12000002,In low income (below threshold),"£10,000 but less than £16,000",32207.666666666668,1998-99 - 2000-01,6671327.666666667,0.5
20,E12000002,In low income (below threshold),"£16,000 but less than £20,000",18749.666666666668,1998-99 - 2000-01,6671327.666666667,0.3
21,E12000002,In low income (below threshold),"£20,000 or more",58126.0,1998-99 - 2000-01,6671327.666666667,0.9
22,E12000002,In low income (below threshold),"£3,000 but less than £8,000",106710.33333333333,1998-99 - 2000-01,6671327.666666667,1.6
23,E12000002,In low income (below threshold),"£8,000 but less than £10,000",23866.0,1998-99 - 2000-01,6671327.666666667,0.4
32,E12000003,In low income (below threshold),"Less than £1,500",232110.0,1998-99 - 2000-01,4876820.0,4.8
33,E12000003,In low income (below threshold),No savings,638346.0,1998-99 - 2000-01,4876820.0,13.1
34,E12000003,In low income (below threshold),"£1,500 but less than £3,000",65060.0,1998-99 - 2000-01,4876820.0,1.3
35,E12000003,In low income (below threshold),"£10,000 but less than £16,000",29543.0,1998-99 - 2000-01,4876820.0,0.6
36,E12000003,In low income (below threshold),"£16,000 but less than £20,000",14519.333333333334,1998-99 - 2000-01,4876820.0,0.3
37,E12000003,In low income (below threshold),"£20,000 or more",37483.666666666664,1998-99 - 2000-01,4876820.0,0.8
38,E12000003,In low income (below threshold),"£3,000 but less than £8,000",73482.33333333333,1998-99 - 2000-01,4876820.0,1.5
39,E12000003,In low income (below threshold),"£8,000 but less than £10,000",15161.0,1998-99 - 2000-01,4876820.0,0.3
0,E12000001,In low income (below threshold),"Less than £1,500",111062.66666666667,1999-00 - 2001-02,2503766.3333333335,4.4
1,E12000001,In low income (below threshold),No savings,390783.6666666667,1999-00 - 2001-02,2503766.3333333335,15.6
2,E12000001,In low income (below threshold),"£1,500 but less than £3,000",22384.666666666668,1999-00 - 2001-02,2503766.3333333335,0.9
3,E12000001,In low income (below threshold),"£10,000 but less than £16,000",11610.0,1999-00 - 2001-02,2503766.3333333335,0.5
4,E12000001,In low income (below threshold),"£16,000 but less than £20,000",5543.0,1999-00 - 2001-02,2503766.3333333335,0.2
5,E12000001,In low income (below threshold),"£20,000 or more",10842.0,1999-00 - 2001-02,2503766.3333333335,0.4
6,E12000001,In low income (below threshold),"£3,000 but less than £8,000",41087.0,1999-00 - 2001-02,2503766.3333333335,1.6
7,E12000001,In low income (below threshold),"£8,000 but less than £10,000",7897.666666666667,1999-00 - 2001-02,2503766.3333333335,0.3
16,E12000002,In low income (below threshold),"Less than £1,500",288450.6666666667,1999-00 - 2001-02,6663730.666666667,4.3
17,E12000002,In low income (below threshold),No savings,798060.6666666666,1999-00 - 2001-02,6663730.666666667,12.0
18,E12000002,In low income (below threshold),"£1,500 but less than £3,000",57211.666666666664,1999-00 - 2001-02,6663730.666666667,0.9
19,E12000002,In low income (below threshold),"£10,000 but less than £16,000",31849.666666666668,1999-00 - 2001-02,6663730.666666667,0.5
20,E12000002,In low income (below threshold),"£16,000 but less than £20,000",16129.333333333334,1999-00 - 2001-02,6663730.666666667,0.2
21,E12000002,In low income (below threshold),"£20,000 or more",55236.666666666664,1999-00 - 2001-02,6663730.666666667,0.8
22,E12000002,In low income (below threshold),"£3,000 but less than £8,000",113577.0,1999-00 - 2001-02,6663730.666666667,1.7
23,E12000002,In low income (below threshold),"£8,000 but less than £10,000",22698.333333333332,1999-00 - 2001-02,6663730.666666667,0.3
32,E12000003,In low income (below threshold),"Less than £1,500",221793.0,1999-00 - 2001-02,4881802.333333333,4.5
33,E12000003,In low income (below threshold),No savings,598992.6666666666,1999-00 - 2001-02,4881802.333333333,12.3
34,E12000003,In low income (below threshold),"£1,500 but less than £3,000",61422.333333333336,1999-00 - 2001-02,4881802.333333333,1.3
35,E12000003,In low income (below threshold),"£10,000 but less than £16,000",24966.333333333332,1999-00 - 2001-02,4881802.333333333,0.5
36,E12000003,In low income (below threshold),"£16,000 but less than £20,000",16969.666666666668,1999-00 - 2001-02,4881802.333333333,0.3
37,E12000003,In low income (below threshold),"£20,000 or more",41826.333333333336,1999-00 - 2001-02,4881802.333333333,0.9
38,E12000003,In low income (below threshold),"£3,000 but less than £8,000",77818.33333333333,1999-00 - 2001-02,4881802.333333333,1.6
39,E12000003,In low income (below threshold),"£8,000 but less than £10,000",15980.0,1999-00 - 2001-02,4881802.333333333,0.3
0,E12000001,In low income (below threshold),"Less than £1,500",109453.33333333333,2000-01 - 2002-03,2498691.3333333335,4.4
1,E12000001,In low income (below threshold),No savings,364128.6666666667,2000-01 - 2002-03,2498691.3333333335,14.6
2,E12000001,In low income (below threshold),"£1,500 but less than £3,000",26259.0,2000-01 - 2002-03,2498691.3333333335,1.1
3,E12000001,In low income (below threshold),"£10,000 but less than £16,000",12098.0,2000-01 - 2002-03,2498691.3333333335,0.5
4,E12000001,In low income (below threshold),"£16,000 but less than £20,000",6287.666666666667,2000-01 - 2002-03,2498691.3333333335,0.3
5,E12000001,In low income (below threshold),"£20,000 or more",13012.666666666666,2000-01 - 2002-03,2498691.3333333335,0.5
6,E12000001,In low income (below threshold),"£3,000 but less than £8,000",37118.333333333336,2000-01 - 2002-03,2498691.3333333335,1.5
7,E12000001,In low income (below threshold),"£8,000 but less than £10,000",9209.666666666666,2000-01 - 2002-03,2498691.3333333335,0.4
16,E12000002,In low income (below threshold),"Less than £1,500",249083.66666666666,2000-01 - 2002-03,6663364.0,3.7
17,E12000002,In low income (below threshold),No savings,788321.0,2000-01 - 2002-03,6663364.0,11.8
18,E12000002,In low income (below threshold),"£1,500 but less than £3,000",65072.666666666664,2000-01 - 2002-03,6663364.0,1.0
19,E12000002,In low income (below threshold),"£10,000 but less than £16,000",32052.0,2000-01 - 2002-03,6663364.0,0.5
20,E12000002,In low income (below threshold),"£16,000 but less than £20,000",13195.666666666666,2000-01 - 2002-03,6663364.0,0.2
21,E12000002,In low income (below threshold),"£20,000 or more",55736.666666666664,2000-01 - 2002-03,6663364.0,0.8
22,E12000002,In low income (below threshold),"£3,000 but less than £8,000",113575.0,2000-01 - 2002-03,6663364.0,1.7
23,E12000002,In low income (below threshold),"£8,000 but less than £10,000",21452.0,2000-01 - 2002-03,6663364.0,0.3
32,E12000003,In low income (below threshold),"Less than £1,500",197846.33333333334,2000-01 - 2002-03,4893259.666666667,4.0
33,E12000003,In low income (below threshold),No savings,554882.6666666666,2000-01 - 2002-03,4893259.666666667,11.3
34,E12000003,In low income (below threshold),"£1,500 but less than £3,000",62556.333333333336,2000-01 - 2002-03,4893259.666666667,1.3
35,E12000003,In low income (below threshold),"£10,000 but less than £16,000",28417.333333333332,2000-01 - 2002-03,4893259.666666667,0.6
36,E12000003,In low income (below threshold),"£16,000 but less than £20,000",15020.0,2000-01 - 2002-03,4893259.666666667,0.3
37,E12000003,In low income (below threshold),"£20,000 or more",40795.333333333336,2000-01 - 2002-03,4893259.666666667,0.8
38,E12000003,In low income (below threshold),"£3,000 but less than £8,000",87370.33333333333,2000-01 - 2002-03,4893259.666666667,1.8
39,E12000003,In low income (below threshold),"£8,000 but less than £10,000",16327.333333333334,2000-01 - 2002-03,4893259.666666667,0.3
0,E12000001,In low income (below threshold),"Less than £1,500",103390.0,2001-02 - 2003-04,2496043.6666666665,4.1
1,E12000001,In low income (below threshold),No savings,324747.3333333333,2001-02 - 2003-04,2496043.6666666665,13.0
2,E12000001,In low income (below threshold),"£1,500 but less than £3,000",27906.666666666668,2001-02 - 2003-04,2496043.6666666665,1.1
3,E12000001,In low income (below threshold),"£10,000 but less than £16,000",16127.0,2001-02 - 2003-04,2496043.6666666665,0.6
4,E12000001,In low income (below threshold),"£16,000 but less than £20,000",4818.666666666667,2001-02 - 2003-04,2496043.6666666665,0.2
5,E12000001,In low income (below threshold),"£20,000 or more",15782.666666666666,2001-02 - 2003-04,2496043.6666666665,0.6
6,E12000001,In low income (below threshold),"£3,000 but less than £8,000",43670.666666666664,2001-02 - 2003-04,2496043.6666666665,1.7
7,E12000001,In low income (below threshold),"£8,000 but less than £10,000",8610.666666666666,2001-02 - 2003-04,2496043.6666666665,0.3
16,E12000002,In low income (below threshold),"Less than £1,500",213684.33333333334,2001-02 - 2003-04,6672609.0,3.2
17,E12000002,In low income (below threshold),No savings,801364.3333333334,2001-02 - 2003-04,6672609.0,12.0
18,E12000002,In low income (below threshold),"£1,500 but less than £3,000",64935.666666666664,2001-02 - 2003-04,6672609.0,1.0
19,E12000002,In low income (below threshold),"£10,000 but less than £16,000",35293.333333333336,2001-02 - 2003-04,6672609.0,0.5
20,E12000002,In low income (below threshold),"£16,000 but less than £20,000",13032.666666666666,2001-02 - 2003-04,6672609.0,0.2
21,E12000002,In low income (below threshold),"£20,000 or more",56693.0,2001-02 - 2003-04,6672609.0,0.8
22,E12000002,In low income (below threshold),"£3,000 but less than £8,000",107081.0,2001-02 - 2003-04,6672609.0,1.6
23,E12000002,In low income (below threshold),"£8,000 but less than £10,000",24609.0,2001-02 - 2003-04,6672609.0,0.4
32,E12000003,In low income (below threshold),"Less than £1,500",197566.0,2001-02 - 2003-04,4912921.333333333,4.0
33,E12000003,In low income (below threshold),No savings,533382.3333333334,2001-02 - 2003-04,4912921.333333333,10.9
34,E12000003,In low income (below threshold),"£1,500 but less than £3,000",55694.666666666664,2001-02 - 2003-04,4912921.333333333,1.1
35,E12000003,In low income (below threshold),"£10,000 but less than £16,000",32927.666666666664,2001-02 - 2003-04,4912921.333333333,0.7
36,E12000003,In low income (below threshold),"£16,000 but less than £20,000",15883.666666666666,2001-02 - 2003-04,4912921.333333333,0.3
37,E12000003,In low income (below threshold),"£20,000 or more",41042.666666666664,2001-02 - 2003-04,4912921.333333333,0.8
38,E12000003,In low income (below threshold),"£3,000 but less than £8,000",88790.66666666667,2001-02 - 2003-04,4912921.333333333,1.8
39,E12000003,In low income (below threshold),"£8,000 but less than £10,000",17583.0,2001-02 - 2003-04,4912921.333333333,0.4
0,E12000001,In low income (below threshold),"Less than £1,500",100195.0,2002-03 - 2004-05,2494576.3333333335,4.0
1,E12000001,In low income (below threshold),No savings,333513.0,2002-03 - 2004-05,2494576.3333333335,13.4
2,E12000001,In low income (below threshold),"£1,500 but less than £3,000",24628.0,2002-03 - 2004-05,2494576.3333333335,1.0
3,E12000001,In low income (below threshold),"£10,000 but less than £16,000",15060.0,2002-03 - 2004-05,2494576.3333333335,0.6
4,E12000001,In low income (below threshold),"£16,000 but less than £20,000",6916.666666666667,2002-03 - 2004-05,2494576.3333333335,0.3
5,E12000001,In low income (below threshold),"£20,000 or more",18234.333333333332,2002-03 - 2004-05,2494576.3333333335,0.7
6,E12000001,In low income (below threshold),"£3,000 but less than £8,000",37669.666666666664,2002-03 - 2004-05,2494576.3333333335,1.5
7,E12000001,In low income (below threshold),"£8,000 but less than £10,000",7604.666666666667,2002-03 - 2004-05,2494576.3333333335,0.3
16,E12000002,In low income (below threshold),"Less than £1,500",211769.0,2002-03 - 2004-05,6691343.333333333,3.2
17,E12000002,In low income (below threshold),No savings,759175.3333333334,2002-03 - 2004-05,6691343.333333333,11.3
18,E12000002,In low income (below threshold),"£1,500 but less than £3,000",58048.0,2002-03 - 2004-05,6691343.333333333,0.9
19,E12000002,In low income (below threshold),"£10,000 but less than £16,000",31631.666666666668,2002-03 - 2004-05,6691343.333333333,0.5
20,E12000002,In low income (below threshold),"£16,000 but less than £20,000",14106.666666666666,2002-03 - 2004-05,6691343.333333333,0.2
21,E12000002,In low income (below threshold),"£20,000 or more",54411.333333333336,2002-03 - 2004-05,6691343.333333333,0.8
22,E12000002,In low income (below threshold),"£3,000 but less than £8,000",98200.33333333333,2002-03 - 2004-05,6691343.333333333,1.5
23,E12000002,In low income (below threshold),"£8,000 but less than £10,000",27544.333333333332,2002-03 - 2004-05,6691343.333333333,0.4
32,E12000003,In low income (below threshold),"Less than £1,500",198256.66666666666,2002-03 - 2004-05,4939201.666666666,4.0
33,E12000003,In low income (below threshold),No savings,491989.6666666667,2002-03 - 2004-05,4939201.666666666,10.0
34,E12000003,In low income (below threshold),"£1,500 but less than £3,000",49347.333333333336,2002-03 - 2004-05,4939201.666666666,1.0
35,E12000003,In low income (below threshold),"£10,000 but less than £16,000",32031.666666666668,2002-03 - 2004-05,4939201.666666666,0.6
36,E12000003,In low income (below threshold),"£16,000 but less than £20,000",12583.666666666666,2002-03 - 2004-05,4939201.666666666,0.3
37,E12000003,In low income (below threshold),"£20,000 or more",41214.333333333336,2002-03 - 2004-05,4939201.666666666,0.8
38,E12000003,In low income (below threshold),"£3,000 but less than £8,000",83697.0,2002-03 - 2004-05,4939201.666666666,1.7
39,E12000003,In low income (below threshold),"£8,000 but less than £10,000",20017.666666666668,2002-03 - 2004-05,4939201.666666666,0.4
0,E12000001,In low income (below threshold),"Less than £1,500",87758.66666666667,2003-04 - 2005-06,2496505.0,3.5
1,E12000001,In low income (below threshold),No savings,330025.3333333333,2003-04 - 2005-06,2496505.0,13.2
2,E12000001,In low income (below threshold),"£1,500 but less than £3,000",17320.333333333332,2003-04 - 2005-06,2496505.0,0.7
3,E12000001,In low income (below threshold),"£10,000 but less than £16,000",14027.333333333334,2003-04 - 2005-06,2496505.0,0.6
4,E12000001,In low income (below threshold),"£16,000 but less than £20,000",8176.0,2003-04 - 2005-06,2496505.0,0.3
5,E12000001,In low income (below threshold),"£20,000 or more",15856.666666666666,2003-04 - 2005-06,2496505.0,0.6
6,E12000001,In low income (below threshold),"£3,000 but less than £8,000",33990.0,2003-04 - 2005-06,2496505.0,1.4
7,E12000001,In low income (below threshold),"£8,000 but less than £10,000",4948.0,2003-04 - 2005-06,2496505.0,0.2
16,E12000002,In low income (below threshold),"Less than £1,500",224321.66666666666,2003-04 - 2005-06,6718929.0,3.3
17,E12000002,In low income (below threshold),No savings,759853.6666666666,2003-04 - 2005-06,6718929.0,11.3
18,E12000002,In low income (below threshold),"£1,500 but less than £3,000",54357.0,2003-04 - 2005-06,6718929.0,0.8
19,E12000002,In low income (below threshold),"£10,000 but less than £16,000",43059.666666666664,2003-04 - 2005-06,6718929.0,0.6
20,E12000002,In low income (below threshold),"£16,000 but less than £20,000",18308.0,2003-04 - 2005-06,6718929.0,0.3
21,E12000002,In low income (below threshold),"£20,000 or more",56473.0,2003-04 - 2005-06,6718929.0,0.8
22,E12000002,In low income (below threshold),"£3,000 but less than £8,000",101750.66666666667,2003-04 - 2005-06,6718929.0,1.5
23,E12000002,In low income (below threshold),"£8,000 but less than £10,000",23518.0,2003-04 - 2005-06,6718929.0,0.4
32,E12000003,In low income (below threshold),"Less than £1,500",195750.0,2003-04 - 2005-06,4974490.333333333,3.9
33,E12000003,In low income (below threshold),No savings,524009.0,2003-04 - 2005-06,4974490.333333333,10.5
34,E12000003,In low income (below threshold),"£1,500 but less than £3,000",38879.333333333336,2003-04 - 2005-06,4974490.333333333,0.8
35,E12000003,In low income (below threshold),"£10,000 but less than £16,000",32202.0,2003-04 - 2005-06,4974490.333333333,0.6
36,E12000003,In low income (below threshold),"£16,000 but less than £20,000",10846.666666666666,2003-04 - 2005-06,4974490.333333333,0.2
37,E12000003,In low income (below threshold),"£20,000 or more",40323.0,2003-04 - 2005-06,4974490.333333333,0.8
38,E12000003,In low income (below threshold),"£3,000 but less than £8,000",77519.66666666667,2003-04 - 2005-06,4974490.333333333,1.6
39,E12000003,In low income (below threshold),"£8,000 but less than £10,000",20012.0,2003-04 - 2005-06,4974490.333333333,0.4
0,E12000001,In low income (below threshold),"Less than £1,500",93182.66666666667,2004-05 - 2006-07,2500451.0,3.7
1,E12000001,In low income (below threshold),No savings,327936.6666666667,2004-05 - 2006-07,2500451.0,13.1
2,E12000001,In low income (below threshold),"£1,500 but less than £3,000",17916.333333333332,2004-05 - 2006-07,2500451.0,0.7
3,E12000001,In low income (below threshold),"£10,000 but less than £16,000",11397.666666666666,2004-05 - 2006-07,2500451.0,0.5
4,E12000001,In low income (below threshold),"£16,000 but less than £20,000",12092.666666666666,2004-05 - 2006-07,2500451.0,0.5
5,E12000001,In low income (below threshold),"£20,000 or more",16511.333333333332,2004-05 - 2006-07,2500451.0,0.7
6,E12000001,In low income (below threshold),"£3,000 but less than £8,000",32377.666666666668,2004-05 - 2006-07,2500451.0,1.3
7,E12000001,In low income (below threshold),"£8,000 but less than £10,000",3451.0,2004-05 - 2006-07,2500451.0,0.1
16,E12000002,In low income (below threshold),"Less than £1,500",244614.66666666666,2004-05 - 2006-07,6747146.666666667,3.6
17,E12000002,In low income (below threshold),No savings,791955.6666666666,2004-05 - 2006-07,6747146.666666667,11.7
18,E12000002,In low income (below threshold),"£1,500 but less than £3,000",46618.0,2004-05 - 2006-07,6747146.666666667,0.7
19,E12000002,In low income (below threshold),"£10,000 but less than £16,000",46142.333333333336,2004-05 - 2006-07,6747146.666666667,0.7
20,E12000002,In low income (below threshold),"£16,000 but less than £20,000",21416.0,2004-05 - 2006-07,6747146.666666667,0.3
21,E12000002,In low income (below threshold),"£20,000 or more",52415.666666666664,2004-05 - 2006-07,6747146.666666667,0.8
22,E12000002,In low income (below threshold),"£3,000 but less than £8,000",102928.66666666667,2004-05 - 2006-07,6747146.666666667,1.5
23,E12000002,In low income (below threshold),"£8,000 but less than £10,000",19037.0,2004-05 - 2006-07,6747146.666666667,0.3
32,E12000003,In low income (below threshold),"Less than £1,500",178950.66666666666,2004-05 - 2006-07,5009582.0,3.6
33,E12000003,In low income (below threshold),No savings,541242.0,2004-05 - 2006-07,5009582.0,10.8
34,E12000003,In low income (below threshold),"£1,500 but less than £3,000",40680.0,2004-05 - 2006-07,5009582.0,0.8
35,E12000003,In low income (below threshold),"£10,000 but less than £16,000",34127.666666666664,2004-05 - 2006-07,5009582.0,0.7
36,E12000003,In low income (below threshold),"£16,000 but less than £20,000",14143.333333333334,2004-05 - 2006-07,5009582.0,0.3
37,E12000003,In low income (below threshold),"£20,000 or more",49592.666666666664,2004-05 - 2006-07,5009582.0,1.0
38,E12000003,In low income (below threshold),"£3,000 but less than £8,000",90304.66666666667,2004-05 - 2006-07,5009582.0,1.8
39,E12000003,In low income (below threshold),"£8,000 but less than £10,000",20834.666666666668,2004-05 - 2006-07,5009582.0,0.4
0,E12000001,In low income (below threshold),"Less than £1,500",102170.0,2005-06 - 2007-08,2507661.6666666665,4.1
1,E12000001,In low income (below threshold),No savings,332454.3333333333,2005-06 - 2007-08,2507661.6666666665,13.3
2,E12000001,In low income (below threshold),"£1,500 but less than £3,000",13349.333333333334,2005-06 - 2007-08,2507661.6666666665,0.5
3,E12000001,In low income (below threshold),"£10,000 but less than £16,000",13026.666666666666,2005-06 - 2007-08,2507661.6666666665,0.5
4,E12000001,In low income (below threshold),"£16,000 but less than £20,000",10283.0,2005-06 - 2007-08,2507661.6666666665,0.4
5,E12000001,In low income (below threshold),"£20,000 or more",17568.0,2005-06 - 2007-08,2507661.6666666665,0.7
6,E12000001,In low income (below threshold),"£3,000 but less than £8,000",40965.333333333336,2005-06 - 2007-08,2507661.6666666665,1.6
7,E12000001,In low income (below threshold),"£8,000 but less than £10,000",4698.666666666667,2005-06 - 2007-08,2507661.6666666665,0.2
16,E12000002,In low income (below threshold),"Less than £1,500",247026.0,2005-06 - 2007-08,6776210.0,3.6
17,E12000002,In low income (below threshold),No savings,844255.3333333334,2005-06 - 2007-08,6776210.0,12.5
18,E12000002,In low income (below threshold),"£1,500 but less than £3,000",56235.666666666664,2005-06 - 2007-08,6776210.0,0.8
19,E12000002,In low income (below threshold),"£10,000 but less than £16,000",54011.666666666664,2005-06 - 2007-08,6776210.0,0.8
20,E12000002,In low income (below threshold),"£16,000 but less than £20,000",20503.333333333332,2005-06 - 2007-08,6776210.0,0.3
21,E12000002,In low income (below threshold),"£20,000 or more",64020.333333333336,2005-06 - 2007-08,6776210.0,0.9
22,E12000002,In low income (below threshold),"£3,000 but less than £8,000",93956.0,2005-06 - 2007-08,6776210.0,1.4
23,E12000002,In low income (below threshold),"£8,000 but less than £10,000",16408.0,2005-06 - 2007-08,6776210.0,0.2
32,E12000003,In low income (below threshold),"Less than £1,500",174830.33333333334,2005-06 - 2007-08,5042741.666666666,3.5
33,E12000003,In low income (below threshold),No savings,574193.3333333334,2005-06 - 2007-08,5042741.666666666,11.4
34,E12000003,In low income (below threshold),"£1,500 but less than £3,000",43193.666666666664,2005-06 - 2007-08,5042741.666666666,0.9
35,E12000003,In low income (below threshold),"£10,000 but less than £16,000",41310.666666666664,2005-06 - 2007-08,5042741.666666666,0.8
36,E12000003,In low income (below threshold),"£16,000 but less than £20,000",14533.0,2005-06 - 2007-08,5042741.666666666,0.3
37,E12000003,In low income (below threshold),"£20,000 or more",53633.666666666664,2005-06 - 2007-08,5042741.666666666,1.1
38,E12000003,In low income (below threshold),"£3,000 but less than £8,000",90078.66666666667,2005-06 - 2007-08,5042741.666666666,1.8
39,E12000003,In low income (below threshold),"£8,000 but less than £10,000",18797.333333333332,2005-06 - 2007-08,5042741.666666666,0.4
0,E12000001,In low income (below threshold),"Less than £1,500",109600.33333333333,2006-07 - 2008-09,2514633.6666666665,4.4
1,E12000001,In low income (below threshold),No savings,323229.0,2006-07 - 2008-09,2514633.6666666665,12.9
2,E12000001,In low income (below threshold),"£1,500 but less than £3,000",16745.0,2006-07 - 2008-09,2514633.6666666665,0.7
3,E12000001,In low income (below threshold),"£10,000 but less than £16,000",15959.0,2006-07 - 2008-09,2514633.6666666665,0.6
4,E12000001,In low income (below threshold),"£16,000 but less than £20,000",14140.333333333334,2006-07 - 2008-09,2514633.6666666665,0.6
5,E12000001,In low income (below threshold),"£20,000 or more",21733.0,2006-07 - 2008-09,2514633.6666666665,0.9
6,E12000001,In low income (below threshold),"£3,000 but less than £8,000",41690.666666666664,2006-07 - 2008-09,2514633.6666666665,1.7
7,E12000001,In low income (below threshold),"£8,000 but less than £10,000",6302.666666666667,2006-07 - 2008-09,2514633.6666666665,0.3
16,E12000002,In low income (below threshold),"Less than £1,500",237741.0,2006-07 - 2008-09,6804802.333333333,3.5
17,E12000002,In low income (below threshold),No savings,839052.0,2006-07 - 2008-09,6804802.333333333,12.3
18,E12000002,In low income (below threshold),"£1,500 but less than £3,000",53262.666666666664,2006-07 - 2008-09,6804802.333333333,0.8
19,E12000002,In low income (below threshold),"£10,000 but less than £16,000",49300.666666666664,2006-07 - 2008-09,6804802.333333333,0.7
20,E12000002,In low income (below threshold),"£16,000 but less than £20,000",16338.0,2006-07 - 2008-09,6804802.333333333,0.2
21,E12000002,In low income (below threshold),"£20,000 or more",68873.33333333333,2006-07 - 2008-09,6804802.333333333,1.0
22,E12000002,In low income (below threshold),"£3,000 but less than £8,000",80265.66666666667,2006-07 - 2008-09,6804802.333333333,1.2
23,E12000002,In low income (below threshold),"£8,000 but less than £10,000",16103.333333333334,2006-07 - 2008-09,6804802.333333333,0.2
32,E12000003,In low income (below threshold),"Less than £1,500",180953.0,2006-07 - 2008-09,5071966.333333334,3.6
33,E12000003,In low income (below threshold),No savings,579061.3333333334,2006-07 - 2008-09,5071966.333333334,11.4
34,E12000003,In low income (below threshold),"£1,500 but less than £3,000",49037.333333333336,2006-07 - 2008-09,5071966.333333334,1.0
35,E12000003,In low income (below threshold),"£10,000 but less than £16,000",47843.666666666664,2006-07 - 2008-09,5071966.333333334,0.9
36,E12000003,In low income (below threshold),"£16,000 but less than £20,000",15223.0,2006-07 - 2008-09,5071966.333333334,0.3
37,E12000003,In low income (below threshold),"£20,000 or more",56497.0,2006-07 - 2008-09,5071966.333333334,1.1
38,E12000003,In low income (below threshold),"£3,000 but less than £8,000",89436.66666666667,2006-07 - 2008-09,5071966.333333334,1.8
39,E12000003,In low income (below threshold),"£8,000 but less than £10,000",27427.666666666668,2006-07 - 2008-09,5071966.333333334,0.5
0,E12000001,In low income (below threshold),"Less than £1,500",105146.66666666667,2007-08 - 2009-10,2522498.6666666665,4.2
1,E12000001,In low income (below threshold),No savings,317914.0,2007-08 - 2009-10,2522498.6666666665,12.6
2,E12000001,In low income (below threshold),"£1,500 but less than £3,000",15310.333333333334,2007-08 - 2009-10,2522498.6666666665,0.6
3,E12000001,In low income (below threshold),"£10,000 but less than £16,000",14234.333333333334,2007-08 - 2009-10,2522498.6666666665,0.6
4,E12000001,In low income (below threshold),"£16,000 but less than £20,000",10261.333333333334,2007-08 - 2009-10,2522498.6666666665,0.4
5,E12000001,In low income (below threshold),"£20,000 or more",27801.666666666668,2007-08 - 2009-10,2522498.6666666665,1.1
6,E12000001,In low income (below threshold),"£3,000 but less than £8,000",36350.666666666664,2007-08 - 2009-10,2522498.6666666665,1.4
7,E12000001,In low income (below threshold),"£8,000 but less than £10,000",10847.0,2007-08 - 2009-10,2522498.6666666665,0.4
16,E12000002,In low income (below threshold),"Less than £1,500",212967.33333333334,2007-08 - 2009-10,6833456.333333333,3.1
17,E12000002,In low income (below threshold),No savings,810553.3333333334,2007-08 - 2009-10,6833456.333333333,11.9
18,E12000002,In low income (below threshold),"£1,500 but less than £3,000",65732.0,2007-08 - 2009-10,6833456.333333333,1.0
19,E12000002,In low income (below threshold),"£10,000 but less than £16,000",48574.666666666664,2007-08 - 2009-10,6833456.333333333,0.7
20,E12000002,In low income (below threshold),"£16,000 but less than £20,000",10108.0,2007-08 - 2009-10,6833456.333333333,0.1
21,E12000002,In low income (below threshold),"£20,000 or more",68058.33333333333,2007-08 - 2009-10,6833456.333333333,1.0
22,E12000002,In low income (below threshold),"£3,000 but less than £8,000",69402.0,2007-08 - 2009-10,6833456.333333333,1.0
23,E12000002,In low income (below threshold),"£8,000 but less than £10,000",16476.333333333332,2007-08 - 2009-10,6833456.333333333,0.2
32,E12000003,In low income (below threshold),"Less than £1,500",194610.0,2007-08 - 2009-10,5101749.666666667,3.8
33,E12000003,In low income (below threshold),No savings,581071.3333333334,2007-08 - 2009-10,5101749.666666667,11.4
34,E12000003,In low income (below threshold),"£1,500 but less than £3,000",53797.666666666664,2007-08 - 2009-10,5101749.666666667,1.1
35,E12000003,In low income (below threshold),"£10,000 but less than £16,000",41084.666666666664,2007-08 - 2009-10,5101749.666666667,0.8
36,E12000003,In low income (below threshold),"£16,000 but less than £20,000",11595.333333333334,2007-08 - 2009-10,5101749.666666667,0.2
37,E12000003,In low income (below threshold),"£20,000 or more",52782.0,2007-08 - 2009-10,5101749.666666667,1.0
38,E12000003,In low income (below threshold),"£3,000 but less than £8,000",85098.33333333333,2007-08 - 2009-10,5101749.666666667,1.7
39,E12000003,In low income (below threshold),"£8,000 but less than £10,000",23918.333333333332,2007-08 - 2009-10,5101749.666666667,0.5
0,E12000001,In low income (below threshold),"Less than £1,500",89606.0,2008-09 - 2010-11,2530692.0,3.5
1,E12000001,In low income (below threshold),No savings,291469.6666666667,2008-09 - 2010-11,2530692.0,11.5
2,E12000001,In low income (below threshold),"£1,500 but less than £3,000",21825.666666666668,2008-09 - 2010-11,2530692.0,0.9
3,E12000001,In low income (below threshold),"£10,000 but less than £16,000",12764.333333333334,2008-09 - 2010-11,2530692.0,0.5
4,E12000001,In low income (below threshold),"£16,000 but less than £20,000",7911.0,2008-09 - 2010-11,2530692.0,0.3
5,E12000001,In low income (below threshold),"£20,000 or more",30404.333333333332,2008-09 - 2010-11,2530692.0,1.2
6,E12000001,In low income (below threshold),"£3,000 but less than £8,000",28575.666666666668,2008-09 - 2010-11,2530692.0,1.1
7,E12000001,In low income (below threshold),"£8,000 but less than £10,000",8717.666666666666,2008-09 - 2010-11,2530692.0,0.3
16,E12000002,In low income (below threshold),"Less than £1,500",175062.0,2008-09 - 2010-11,6863600.0,2.6
17,E12000002,In low income (below threshold),No savings,774625.3333333334,2008-09 - 2010-11,6863600.0,11.3
18,E12000002,In low income (below threshold),"£1,500 but less than £3,000",57054.333333333336,2008-09 - 2010-11,6863600.0,0.8
19,E12000002,In low income (below threshold),"£10,000 but less than £16,000",42025.666666666664,2008-09 - 2010-11,6863600.0,0.6
20,E12000002,In low income (below threshold),"£16,000 but less than £20,000",10835.0,2008-09 - 2010-11,6863600.0,0.2
21,E12000002,In low income (below threshold),"£20,000 or more",67702.66666666667,2008-09 - 2010-11,6863600.0,1.0
22,E12000002,In low income (below threshold),"£3,000 but less than £8,000",81295.0,2008-09 - 2010-11,6863600.0,1.2
23,E12000002,In low income (below threshold),"£8,000 but less than £10,000",19312.333333333332,2008-09 - 2010-11,6863600.0,0.3
32,E12000003,In low income (below threshold),"Less than £1,500",174490.33333333334,2008-09 - 2010-11,5131863.666666666,3.4
33,E12000003,In low income (below threshold),No savings,597958.6666666666,2008-09 - 2010-11,5131863.666666666,11.7
34,E12000003,In low income (below threshold),"£1,500 but less than £3,000",61370.666666666664,2008-09 - 2010-11,5131863.666666666,1.2
35,E12000003,In low income (below threshold),"£10,000 but less than £16,000",39664.333333333336,2008-09 - 2010-11,5131863.666666666,0.8
36,E12000003,In low income (below threshold),"£16,000 but less than £20,000",10605.0,2008-09 - 2010-11,5131863.666666666,0.2
37,E12000003,In low income (below threshold),"£20,000 or more",54850.333333333336,2008-09 - 2010-11,5131863.666666666,1.1
38,E12000003,In low income (below threshold),"£3,000 but less than £8,000",89861.33333333333,2008-09 - 2010-11,5131863.666666666,1.8
39,E12000003,In low income (below threshold),"£8,000 but less than £10,000",24414.666666666668,2008-09 - 2010-11,5131863.666666666,0.5
0,E12000001,In low income (below threshold),"Less than £1,500",76995.0,2009-10 - 2011-12,2544507.0,3.0
1,E12000001,In low income (below threshold),No savings,293562.6666666667,2009-10 - 2011-12,2544507.0,11.5
2,E12000001,In low income (below threshold),"£1,500 but less than £3,000",20441.666666666668,2009-10 - 2011-12,2544507.0,0.8
3,E12000001,In low income (below threshold),"£10,000 but less than £16,000",10224.666666666666,2009-10 - 2011-12,2544507.0,0.4
4,E12000001,In low income (below threshold),"£16,000 but less than £20,000",2762.0,2009-10 - 2011-12,2544507.0,0.1
5,E12000001,In low income (below threshold),"£20,000 or more",31188.333333333332,2009-10 - 2011-12,2544507.0,1.2
6,E12000001,In low income (below threshold),"£3,000 but less than £8,000",29359.0,2009-10 - 2011-12,2544507.0,1.2
7,E12000001,In low income (below threshold),"£8,000 but less than £10,000",7921.666666666667,2009-10 - 2011-12,2544507.0,0.3
16,E12000002,In low income (below threshold),"Less than £1,500",148847.66666666666,2009-10 - 2011-12,6908744.333333334,2.2
17,E12000002,In low income (below threshold),No savings,780480.3333333334,2009-10 - 2011-12,6908744.333333334,11.3
18,E12000002,In low income (below threshold),"£1,500 but less than £3,000",59620.0,2009-10 - 2011-12,6908744.333333334,0.9
19,E12000002,In low income (below threshold),"£10,000 but less than £16,000",40077.666666666664,2009-10 - 2011-12,6908744.333333334,0.6
20,E12000002,In low income (below threshold),"£16,000 but less than £20,000",10319.0,2009-10 - 2011-12,6908744.333333334,0.1
21,E12000002,In low income (below threshold),"£20,000 or more",70698.66666666667,2009-10 - 2011-12,6908744.333333334,1.0
22,E12000002,In low income (below threshold),"£3,000 but less than £8,000",84412.0,2009-10 - 2011-12,6908744.333333334,1.2
23,E12000002,In low income (below threshold),"£8,000 but less than £10,000",21744.333333333332,2009-10 - 2011-12,6908744.333333334,0.3
32,E12000003,In low income (below threshold),"Less than £1,500",137793.66666666666,2009-10 - 2011-12,5171183.333333333,2.7
33,E12000003,In low income (below threshold),No savings,616918.3333333334,2009-10 - 2011-12,5171183.333333333,11.9
34,E12000003,In low income (below threshold),"£1,500 but less than £3,000",53778.666666666664,2009-10 - 2011-12,5171183.333333333,1.0
35,E12000003,In low income (below threshold),"£10,000 but less than £16,000",31580.0,2009-10 - 2011-12,5171183.333333333,0.6
36,E12000003,In low income (below threshold),"£16,000 but less than £20,000",10747.333333333334,2009-10 - 2011-12,5171183.333333333,0.2
37,E12000003,In low income (below threshold),"£20,000 or more",60604.0,2009-10 - 2011-12,5171183.333333333,1.2
38,E12000003,In low income (below threshold),"£3,000 but less than £8,000",83692.0,2009-10 - 2011-12,5171183.333333333,1.6
39,E12000003,In low income (below threshold),"£8,000 but less than £10,000",15985.333333333334,2009-10 - 2011-12,5171183.333333333,0.3
0,E12000001,In low income (below threshold),"Less than £1,500",61654.666666666664,2010-11 - 2012-13,2557598.0,2.4
1,E12000001,In low income (below threshold),No savings,302933.6666666667,2010-11 - 2012-13,2557598.0,11.8
2,E12000001,In low income (below threshold),"£1,500 but less than £3,000",18059.0,2010-11 - 2012-13,2557598.0,0.7
3,E12000001,In low income (below threshold),"£10,000 but less than £16,000",12367.0,2010-11 - 2012-13,2557598.0,0.5
4,E12000001,In low income (below threshold),"£16,000 but less than £20,000",1837.3333333333333,2010-11 - 2012-13,2557598.0,0.1
5,E12000001,In low income (below threshold),"£20,000 or more",27113.0,2010-11 - 2012-13,2557598.0,1.1
6,E12000001,In low income (below threshold),"£3,000 but less than £8,000",28324.0,2010-11 - 2012-13,2557598.0,1.1
7,E12000001,In low income (below threshold),"£8,000 but less than £10,000",4103.333333333333,2010-11 - 2012-13,2557598.0,0.2
16,E12000002,In low income (below threshold),"Less than £1,500",120623.33333333333,2010-11 - 2012-13,6952792.666666667,1.7
17,E12000002,In low income (below threshold),No savings,809796.0,2010-11 - 2012-13,6952792.666666667,11.6
18,E12000002,In low income (below threshold),"£1,500 but less than £3,000",50297.666666666664,2010-11 - 2012-13,6952792.666666667,0.7
19,E12000002,In low income (below threshold),"£10,000 but less than £16,000",34291.0,2010-11 - 2012-13,6952792.666666667,0.5
20,E12000002,In low income (below threshold),"£16,000 but less than £20,000",14127.666666666666,2010-11 - 2012-13,6952792.666666667,0.2
21,E12000002,In low income (below threshold),"£20,000 or more",82436.0,2010-11 - 2012-13,6952792.666666667,1.2
22,E12000002,In low income (below threshold),"£3,000 but less than £8,000",78599.33333333333,2010-11 - 2012-13,6952792.666666667,1.1
23,E12000002,In low income (below threshold),"£8,000 but less than £10,000",26061.0,2010-11 - 2012-13,6952792.666666667,0.4
32,E12000003,In low income (below threshold),"Less than £1,500",101346.66666666667,2010-11 - 2012-13,5210920.0,1.9
33,E12000003,In low income (below threshold),No savings,658813.6666666666,2010-11 - 2012-13,5210920.0,12.6
34,E12000003,In low income (below threshold),"£1,500 but less than £3,000",52669.0,2010-11 - 2012-13,5210920.0,1.0
35,E12000003,In low income (below threshold),"£10,000 but less than £16,000",32431.666666666668,2010-11 - 2012-13,5210920.0,0.6
36,E12000003,In low income (below threshold),"£16,000 but less than £20,000",10697.0,2010-11 - 2012-13,5210920.0,0.2
37,E12000003,In low income (below threshold),"£20,000 or more",55374.333333333336,2010-11 - 2012-13,5210920.0,1.1
38,E12000003,In low income (below threshold),"£3,000 but less than £8,000",74637.33333333333,2010-11 - 2012-13,5210920.0,1.4
39,E12000003,In low income (below threshold),"£8,000 but less than £10,000",15257.666666666666,2010-11 - 2012-13,5210920.0,0.3
0,E12000001,In low income (below threshold),"Less than £1,500",52368.0,2011-12 - 2013-14,2564275.3333333335,2.0
1,E12000001,In low income (below threshold),No savings,307207.0,2011-12 - 2013-14,2564275.3333333335,12.0
2,E12000001,In low income (below threshold),"£1,500 but less than £3,000",12246.333333333334,2011-12 - 2013-14,2564275.3333333335,0.5
3,E12000001,In low income (below threshold),"£10,000 but less than £16,000",14775.666666666666,2011-12 - 2013-14,2564275.3333333335,0.6
4,E12000001,In low income (below threshold),"£16,000 but less than £20,000",1563.3333333333333,2011-12 - 2013-14,2564275.3333333335,0.1
5,E12000001,In low income (below threshold),"£20,000 or more",25079.0,2011-12 - 2013-14,2564275.3333333335,1.0
6,E12000001,In low income (below threshold),"£3,000 but less than £8,000",30311.666666666668,2011-12 - 2013-14,2564275.3333333335,1.2
7,E12000001,In low income (below threshold),"£8,000 but less than £10,000",4811.0,2011-12 - 2013-14,2564275.3333333335,0.2
16,E12000002,In low income (below threshold),"Less than £1,500",114506.66666666667,2011-12 - 2013-14,6981386.0,1.6
17,E12000002,In low income (below threshold),No savings,814781.0,2011-12 - 2013-14,6981386.0,11.7
18,E12000002,In low income (below threshold),"£1,500 but less than £3,000",52471.333333333336,2011-12 - 2013-14,6981386.0,0.8
19,E12000002,In low income (below threshold),"£10,000 but less than £16,000",31757.0,2011-12 - 2013-14,6981386.0,0.5
20,E12000002,In low income (below threshold),"£16,000 but less than £20,000",10110.666666666666,2011-12 - 2013-14,6981386.0,0.1
21,E12000002,In low income (below threshold),"£20,000 or more",93181.66666666667,2011-12 - 2013-14,6981386.0,1.3
22,E12000002,In low income (below threshold),"£3,000 but less than £8,000",67550.0,2011-12 - 2013-14,6981386.0,1.0
23,E12000002,In low income (below threshold),"£8,000 but less than £10,000",21550.0,2011-12 - 2013-14,6981386.0,0.3
32,E12000003,In low income (below threshold),"Less than £1,500",109313.66666666667,2011-12 - 2013-14,5237269.666666667,2.1
33,E12000003,In low income (below threshold),No savings,631238.6666666666,2011-12 - 2013-14,5237269.666666667,12.1
34,E12000003,In low income (below threshold),"£1,500 but less than £3,000",42721.0,2011-12 - 2013-14,5237269.666666667,0.8
35,E12000003,In low income (below threshold),"£10,000 but less than £16,000",31985.333333333332,2011-12 - 2013-14,5237269.666666667,0.6
36,E12000003,In low income (below threshold),"£16,000 but less than £20,000",9028.666666666666,2011-12 - 2013-14,5237269.666666667,0.2
37,E12000003,In low income (below threshold),"£20,000 or more",49910.0,2011-12 - 2013-14,5237269.666666667,1.0
38,E12000003,In low income (below threshold),"£3,000 but less than £8,000",58911.666666666664,2011-12 - 2013-14,5237269.666666667,1.1
39,E12000003,In low income (below threshold),"£8,000 but less than £10,000",14559.333333333334,2011-12 - 2013-14,5237269.666666667,0.3
0,E12000001,In low income (below threshold),"Less than £1,500",47694.0,2012-13 - 2014-15,2567232.3333333335,1.9
1,E12000001,In low income (below threshold),No savings,320621.6666666667,2012-13 - 2014-15,2567232.3333333335,12.5
2,E12000001,In low income (below threshold),"£1,500 but less than £3,000",6607.666666666667,2012-13 - 2014-15,2567232.3333333335,0.3
3,E12000001,In low income (below threshold),"£10,000 but less than £16,000",16063.666666666666,2012-13 - 2014-15,2567232.3333333335,0.6
4,E12000001,In low income (below threshold),"£16,000 but less than £20,000",3274.3333333333335,2012-13 - 2014-15,2567232.3333333335,0.1
5,E12000001,In low income (below threshold),"£20,000 or more",26471.666666666668,2012-13 - 2014-15,2567232.3333333335,1.0
6,E12000001,In low income (below threshold),"£3,000 but less than £8,000",28989.0,2012-13 - 2014-15,2567232.3333333335,1.1
7,E12000001,In low income (below threshold),"£8,000 but less than £10,000",6485.333333333333,2012-13 - 2014-15,2567232.3333333335,0.3
16,E12000002,In low income (below threshold),"Less than £1,500",109020.33333333333,2012-13 - 2014-15,6995575.333333333,1.6
17,E12000002,In low income (below threshold),No savings,858393.3333333334,2012-13 - 2014-15,6995575.333333333,12.3
18,E12000002,In low income (below threshold),"£1,500 but less than £3,000",42900.333333333336,2012-13 - 2014-15,6995575.333333333,0.6
19,E12000002,In low income (below threshold),"£10,000 but less than £16,000",35415.333333333336,2012-13 - 2014-15,6995575.333333333,0.5
20,E12000002,In low income (below threshold),"£16,000 but less than £20,000",9572.666666666666,2012-13 - 2014-15,6995575.333333333,0.1
21,E12000002,In low income (below threshold),"£20,000 or more",101679.0,2012-13 - 2014-15,6995575.333333333,1.5
22,E12000002,In low income (below threshold),"£3,000 but less than £8,000",62789.0,2012-13 - 2014-15,6995575.333333333,0.9
23,E12000002,In low income (below threshold),"£8,000 but less than £10,000",21931.333333333332,2012-13 - 2014-15,6995575.333333333,0.3
32,E12000003,In low income (below threshold),"Less than £1,500",104287.66666666667,2012-13 - 2014-15,5250897.333333333,2.0
33,E12000003,In low income (below threshold),No savings,626108.3333333334,2012-13 - 2014-15,5250897.333333333,11.9
34,E12000003,In low income (below threshold),"£1,500 but less than £3,000",49063.666666666664,2012-13 - 2014-15,5250897.333333333,0.9
35,E12000003,In low income (below threshold),"£10,000 but less than £16,000",30354.333333333332,2012-13 - 2014-15,5250897.333333333,0.6
36,E12000003,In low income (below threshold),"£16,000 but less than £20,000",11273.0,2012-13 - 2014-15,5250897.333333333,0.2
37,E12000003,In low income (below threshold),"£20,000 or more",57841.333333333336,2012-13 - 2014-15,5250897.333333333,1.1
38,E12000003,In low income (below threshold),"£3,000 but less than £8,000",57688.333333333336,2012-13 - 2014-15,5250897.333333333,1.1
39,E12000003,In low income (below threshold),"£8,000 but less than £10,000",17909.666666666668,2012-13 - 2014-15,5250897.333333333,0.3
0,E12000001,In low income (below threshold),"Less than £1,500",42427.666666666664,2013-14 - 2015-16,2571506.0,1.6
1,E12000001,In low income (below threshold),No savings,318785.6666666667,2013-14 - 2015-16,2571506.0,12.4
2,E12000001,In low income (below threshold),"£1,500 but less than £3,000",9517.333333333334,2013-14 - 2015-16,2571506.0,0.4
3,E12000001,In low income (below threshold),"£10,000 but less than £16,000",14649.666666666666,2013-14 - 2015-16,2571506.0,0.6
4,E12000001,In low income (below threshold),"£16,000 but less than £20,000",4850.333333333333,2013-14 - 2015-16,2571506.0,0.2
5,E12000001,In low income (below threshold),"£20,000 or more",30898.333333333332,2013-14 - 2015-16,2571506.0,1.2
6,E12000001,In low income (below threshold),"£3,000 but less than £8,000",33194.333333333336,2013-14 - 2015-16,2571506.0,1.3
7,E12000001,In low income (below threshold),"£8,000 but less than £10,000",12016.666666666666,2013-14 - 2015-16,2571506.0,0.5
16,E12000002,In low income (below threshold),"Less than £1,500",124624.33333333333,2013-14 - 2015-16,7010837.333333333,1.8
17,E12000002,In low income (below threshold),No savings,828623.6666666666,2013-14 - 2015-16,7010837.333333333,11.8
18,E12000002,In low income (below threshold),"£1,500 but less than £3,000",42265.0,2013-14 - 2015-16,7010837.333333333,0.6
19,E12000002,In low income (below threshold),"£10,000 but less than £16,000",40222.333333333336,2013-14 - 2015-16,7010837.333333333,0.6
20,E12000002,In low income (below threshold),"£16,000 but less than £20,000",6459.0,2013-14 - 2015-16,7010837.333333333,0.1
21,E12000002,In low income (below threshold),"£20,000 or more",99131.33333333333,2013-14 - 2015-16,7010837.333333333,1.4
22,E12000002,In low income (below threshold),"£3,000 but less than £8,000",98050.33333333333,2013-14 - 2015-16,7010837.333333333,1.4
23,E12000002,In low income (below threshold),"£8,000 but less than £10,000",20525.0,2013-14 - 2015-16,7010837.333333333,0.3
32,E12000003,In low income (below threshold),"Less than £1,500",114071.66666666667,2013-14 - 2015-16,5263878.0,2.2
33,E12000003,In low income (below threshold),No savings,597469.3333333334,2013-14 - 2015-16,5263878.0,11.4
34,E12000003,In low income (below threshold),"£1,500 but less than £3,000",38690.333333333336,2013-14 - 2015-16,5263878.0,0.7
35,E12000003,In low income (below threshold),"£10,000 but less than £16,000",31128.666666666668,2013-14 - 2015-16,5263878.0,0.6
36,E12000003,In low income (below threshold),"£16,000 but less than £20,000",19616.333333333332,2013-14 - 2015-16,5263878.0,0.4
37,E12000003,In low income (below threshold),"£20,000 or more",70482.66666666667,2013-14 - 2015-16,5263878.0,1.3
38,E12000003,In low income (below threshold),"£3,000 but less than £8,000",62289.0,2013-14 - 2015-16,5263878.0,1.2
39,E12000003,In low income (below threshold),"£8,000 but less than £10,000",17464.333333333332,2013-14 - 2015-16,5263878.0,0.3
0,E12000001,In low income (below threshold),"Less than £1,500",42281.666666666664,2014-15 - 2016-17,2581494.0,1.6
1,E12000001,In low income (below threshold),No savings,329572.6666666667,2014-15 - 2016-17,2581494.0,12.8
2,E12000001,In low income (below threshold),"£1,500 but less than £3,000",11987.333333333334,2014-15 - 2016-17,2581494.0,0.5
3,E12000001,In low income (below threshold),"£10,000 but less than £16,000",13344.0,2014-15 - 2016-17,2581494.0,0.5
4,E12000001,In low income (below threshold),"£16,000 but less than £20,000",9363.0,2014-15 - 2016-17,2581494.0,0.4
5,E12000001,In low income (below threshold),"£20,000 or more",33503.0,2014-15 - 2016-17,2581494.0,1.3
6,E12000001,In low income (below threshold),"£3,000 but less than £8,000",37536.333333333336,2014-15 - 2016-17,2581494.0,1.5
7,E12000001,In low income (below threshold),"£8,000 but less than £10,000",10411.0,2014-15 - 2016-17,2581494.0,0.4
16,E12000002,In low income (below threshold),"Less than £1,500",126872.66666666667,2014-15 - 2016-17,7039806.666666667,1.8
17,E12000002,In low income (below threshold),No savings,866789.6666666666,2014-15 - 2016-17,7039806.666666667,12.3
18,E12000002,In low income (below threshold),"£1,500 but less than £3,000",52840.0,2014-15 - 2016-17,7039806.666666667,0.8
19,E12000002,In low income (below threshold),"£10,000 but less than £16,000",43102.333333333336,2014-15 - 2016-17,7039806.666666667,0.6
20,E12000002,In low income (below threshold),"£16,000 but less than £20,000",7540.333333333333,2014-15 - 2016-17,7039806.666666667,0.1
21,E12000002,In low income (below threshold),"£20,000 or more",94726.66666666667,2014-15 - 2016-17,7039806.666666667,1.3
22,E12000002,In low income (below threshold),"£3,000 but less than £8,000",104256.66666666667,2014-15 - 2016-17,7039806.666666667,1.5
23,E12000002,In low income (below threshold),"£8,000 but less than £10,000",25164.666666666668,2014-15 - 2016-17,7039806.666666667,0.4
32,E12000003,In low income (below threshold),"Less than £1,500",101024.0,2014-15 - 2016-17,5287718.0,1.9
33,E12000003,In low income (below threshold),No savings,586287.0,2014-15 - 2016-17,5287718.0,11.1
34,E12000003,In low income (below threshold),"£1,500 but less than £3,000",39450.0,2014-15 - 2016-17,5287718.0,0.7
35,E12000003,In low income (below threshold),"£10,000 but less than £16,000",34006.333333333336,2014-15 - 2016-17,5287718.0,0.6
36,E12000003,In low income (below threshold),"£16,000 but less than £20,000",23213.333333333332,2014-15 - 2016-17,5287718.0,0.4
37,E12000003,In low income (below threshold),"£20,000 or more",95071.66666666667,2014-15 - 2016-17,5287718.0,1.8
38,E12000003,In low income (below threshold),"£3,000 but less than £8,000",78506.0,2014-15 - 2016-17,5287718.0,1.5
39,E12000003,In low income (below threshold),"£8,000 but less than £10,000",17825.666666666668,2014-15 - 2016-17,5287718.0,0.3
0,E12000001,In low income (below threshold),"Less than £1,500",35078.666666666664,2015-16 - 2017-18,2590001.6666666665,1.4
1,E12000001,In low income (below threshold),No savings,318040.3333333333,2015-16 - 2017-18,2590001.6666666665,12.3
2,E12000001,In low income (below threshold),"£1,500 but less than £3,000",19237.666666666668,2015-16 - 2017-18,2590001.6666666665,0.7
3,E12000001,In low income (below threshold),"£10,000 but less than £16,000",12228.333333333334,2015-16 - 2017-18,2590001.6666666665,0.5
4,E12000001,In low income (below threshold),"£16,000 but less than £20,000",7775.0,2015-16 - 2017-18,2590001.6666666665,0.3
5,E12000001,In low income (below threshold),"£20,000 or more",35891.666666666664,2015-16 - 2017-18,2590001.6666666665,1.4
6,E12000001,In low income (below threshold),"£3,000 but less than £8,000",48007.333333333336,2015-16 - 2017-18,2590001.6666666665,1.9
7,E12000001,In low income (below threshold),"£8,000 but less than £10,000",14316.333333333334,2015-16 - 2017-18,2590001.6666666665,0.6
16,E12000002,In low income (below threshold),"Less than £1,500",129923.0,2015-16 - 2017-18,7080488.0,1.8
17,E12000002,In low income (below threshold),No savings,882412.3333333334,2015-16 - 2017-18,7080488.0,12.5
18,E12000002,In low income (below threshold),"£1,500 but less than £3,000",66732.0,2015-16 - 2017-18,7080488.0,0.9
19,E12000002,In low income (below threshold),"£10,000 but less than £16,000",38636.333333333336,2015-16 - 2017-18,7080488.0,0.5
20,E12000002,In low income (below threshold),"£16,000 but less than £20,000",8526.666666666666,2015-16 - 2017-18,7080488.0,0.1
21,E12000002,In low income (below threshold),"£20,000 or more",94925.66666666667,2015-16 - 2017-18,7080488.0,1.3
22,E12000002,In low income (below threshold),"£3,000 but less than £8,000",103575.33333333333,2015-16 - 2017-18,7080488.0,1.5
23,E12000002,In low income (below threshold),"£8,000 but less than £10,000",29817.666666666668,2015-16 - 2017-18,7080488.0,0.4
32,E12000003,In low income (below threshold),"Less than £1,500",110059.66666666667,2015-16 - 2017-18,5317222.666666667,2.1
33,E12000003,In low income (below threshold),No savings,583275.6666666666,2015-16 - 2017-18,5317222.666666667,11.0
34,E12000003,In low income (below threshold),"£1,500 but less than £3,000",41001.333333333336,2015-16 - 2017-18,5317222.666666667,0.8
35,E12000003,In low income (below threshold),"£10,000 but less than £16,000",43055.0,2015-16 - 2017-18,5317222.666666667,0.8
36,E12000003,In low income (below threshold),"£16,000 but less than £20,000",20264.666666666668,2015-16 - 2017-18,5317222.666666667,0.4
37,E12000003,In low income (below threshold),"£20,000 or more",104199.66666666667,2015-16 - 2017-18,5317222.666666667,2.0
38,E12000003,In low income (below threshold),"£3,000 but less than £8,000",95140.33333333333,2015-16 - 2017-18,5317222.666666667,1.8
39,E12000003,In low income (below threshold),"£8,000 but less than £10,000",13488.333333333334,2015-16 - 2017-18,5317222.666666667,0.3
0,E12000001,In low income (below threshold),"Less than £1,500",34575.0,2016-17 - 2018-19,2601238.6666666665,1.3
1,E12000001,In low income (below threshold),No savings,332965.3333333333,2016-17 - 2018-19,2601238.6666666665,12.8
2,E12000001,In low income (below threshold),"£1,500 but less than £3,000",18210.333333333332,2016-17 - 2018-19,2601238.6666666665,0.7
3,E12000001,In low income (below threshold),"£10,000 but less than £16,000",13370.333333333334,2016-17 - 2018-19,2601238.6666666665,0.5
4,E12000001,In low income (below threshold),"£16,000 but less than £20,000",7996.333333333333,2016-17 - 2018-19,2601238.6666666665,0.3
5,E12000001,In low income (below threshold),"£20,000 or more",38853.333333333336,2016-17 - 2018-19,2601238.6666666665,1.5
6,E12000001,In low income (below threshold),"£3,000 but less than £8,000",47908.666666666664,2016-17 - 2018-19,2601238.6666666665,1.8
7,E12000001,In low income (below threshold),"£8,000 but less than £10,000",8503.666666666666,2016-17 - 2018-19,2601238.6666666665,0.3
16,E12000002,In low income (below threshold),"Less than £1,500",133835.0,2016-17 - 2018-19,7131209.333333333,1.9
17,E12000002,In low income (below threshold),No savings,894086.3333333334,2016-17 - 2018-19,7131209.333333333,12.5
18,E12000002,In low income (below threshold),"£1,500 but less than £3,000",61952.666666666664,2016-17 - 2018-19,7131209.333333333,0.9
19,E12000002,In low income (below threshold),"£10,000 but less than £16,000",40057.333333333336,2016-17 - 2018-19,7131209.333333333,0.6
20,E12000002,In low income (below threshold),"£16,000 but less than £20,000",9499.333333333334,2016-17 - 2018-19,7131209.333333333,0.1
21,E12000002,In low income (below threshold),"£20,000 or more",113800.33333333333,2016-17 - 2018-19,7131209.333333333,1.6
22,E12000002,In low income (below threshold),"£3,000 but less than £8,000",85982.0,2016-17 - 2018-19,7131209.333333333,1.2
23,E12000002,In low income (below threshold),"£8,000 but less than £10,000",31488.666666666668,2016-17 - 2018-19,7131209.333333333,0.4
32,E12000003,In low income (below threshold),"Less than £1,500",108363.66666666667,2016-17 - 2018-19,5355687.666666666,2.0
33,E12000003,In low income (below threshold),No savings,640959.3333333334,2016-17 - 2018-19,5355687.666666666,12.0
34,E12000003,In low income (below threshold),"£1,500 but less than £3,000",51000.666666666664,2016-17 - 2018-19,5355687.666666666,1.0
35,E12000003,In low income (below threshold),"£10,000 but less than £16,000",41703.333333333336,2016-17 - 2018-19,5355687.666666666,0.8
36,E12000003,In low income (below threshold),"£16,000 but less than £20,000",13800.666666666666,2016-17 - 2018-19,5355687.666666666,0.3
37,E12000003,In low income (below threshold),"£20,000 or more",105166.33333333333,2016-17 - 2018-19,5355687.666666666,2.0
38,E12000003,In low income (below threshold),"£3,000 but less than £8,000",97455.66666666667,2016-17 - 2018-19,5355687.666666666,1.8
39,E12000003,In low income (below threshold),"£8,000 but less than £10,000",16892.333333333332,2016-17 - 2018-19,5355687.666666666,0.3
0,E12000001,In low income (below threshold),"Less than £1,500",124039.66666666667,2017-18 - 2019-20,2611726.6666666665,4.7
1,E12000001,In low income (below threshold),No savings,285654.3333333333,2017-18 - 2019-20,2611726.6666666665,10.9
2,E12000001,In low income (below threshold),"£1,500 but less than £3,000",19032.333333333332,2017-18 - 2019-20,2611726.6666666665,0.7
3,E12000001,In low income (below threshold),"£10,000 but less than £16,000",15751.666666666666,2017-18 - 2019-20,2611726.6666666665,0.6
4,E12000001,In low income (below threshold),"£16,000 but less than £20,000",8231.0,2017-18 - 2019-20,2611726.6666666665,0.3
5,E12000001,In low income (below threshold),"£20,000 or more",48627.333333333336,2017-18 - 2019-20,2611726.6666666665,1.9
6,E12000001,In low income (below threshold),"£3,000 but less than £8,000",45216.333333333336,2017-18 - 2019-20,2611726.6666666665,1.7
7,E12000001,In low income (below threshold),"£8,000 but less than £10,000",14274.0,2017-18 - 2019-20,2611726.6666666665,0.5
16,E12000002,In low income (below threshold),"Less than £1,500",272494.6666666667,2017-18 - 2019-20,7179643.333333334,3.8
17,E12000002,In low income (below threshold),No savings,743499.3333333334,2017-18 - 2019-20,7179643.333333334,10.4
18,E12000002,In low income (below threshold),"£1,500 but less than £3,000",59985.0,2017-18 - 2019-20,7179643.333333334,0.8
19,E12000002,In low income (below threshold),"£10,000 but less than £16,000",42770.666666666664,2017-18 - 2019-20,7179643.333333334,0.6
20,E12000002,In low income (below threshold),"£16,000 but less than £20,000",14546.333333333334,2017-18 - 2019-20,7179643.333333334,0.2
21,E12000002,In low income (below threshold),"£20,000 or more",110910.0,2017-18 - 2019-20,7179643.333333334,1.5
22,E12000002,In low income (below threshold),"£3,000 but less than £8,000",87934.0,2017-18 - 2019-20,7179643.333333334,1.2
23,E12000002,In low income (below threshold),"£8,000 but less than £10,000",29831.0,2017-18 - 2019-20,7179643.333333334,0.4
32,E12000003,In low income (below threshold),"Less than £1,500",219351.0,2017-18 - 2019-20,5386183.333333333,4.1
33,E12000003,In low income (below threshold),No savings,596497.3333333334,2017-18 - 2019-20,5386183.333333333,11.1
34,E12000003,In low income (below threshold),"£1,500 but less than £3,000",62504.333333333336,2017-18 - 2019-20,5386183.333333333,1.2
35,E12000003,In low income (below threshold),"£10,000 but less than £16,000",39210.333333333336,2017-18 - 2019-20,5386183.333333333,0.7
36,E12000003,In low income (below threshold),"£16,000 but less than £20,000",14139.333333333334,2017-18 - 2019-20,5386183.333333333,0.3
37,E12000003,In low income (below threshold),"£20,000 or more",102100.33333333333,2017-18 - 2019-20,5386183.333333333,1.9
38,E12000003,In low income (below threshold),"£3,000 but less than £8,000",94917.33333333333,2017-18 - 2019-20,5386183.333333333,1.8
39,E12000003,In low income (below threshold),"£8,000 but less than £10,000",16740.666666666668,2017-18 - 2019-20,5386183.333333333,0.3
0,E12000001,In low income (below threshold),"Less than £1,500",179718.0,2018-19 - 2021-22,2618460.3333333335,6.9
1,E12000001,In low income (below threshold),No savings,212658.66666666666,2018-19 - 2021-22,2618460.3333333335,8.1
2,E12000001,In low income (below threshold),"£1,500 but less than £3,000",20206.666666666668,2018-19 - 2021-22,2618460.3333333335,0.8
3,E12000001,In low income (below threshold),"£10,000 but less than £16,000",17852.333333333332,2018-19 - 2021-22,2618460.3333333335,0.7
4,E12000001,In low income (below threshold),"£16,000 but less than £20,000",9601.333333333334,2018-19 - 2021-22,2618460.3333333335,0.4
5,E12000001,In low income (below threshold),"£20,000 or more",46632.333333333336,2018-19 - 2021-22,2618460.3333333335,1.8
6,E12000001,In low income (below threshold),"£3,000 but less than £8,000",36747.333333333336,2018-19 - 2021-22,2618460.3333333335,1.4
7,E12000001,In low income (below threshold),"£8,000 but less than £10,000",9129.333333333334,2018-19 - 2021-22,2618460.3333333335,0.3
16,E12000002,In low income (below threshold),"Less than £1,500",406760.0,2018-19 - 2021-22,7212385.0,5.6
17,E12000002,In low income (below threshold),No savings,555751.3333333334,2018-19 - 2021-22,7212385.0,7.7
18,E12000002,In low income (below threshold),"£1,500 but less than £3,000",77850.0,2018-19 - 2021-22,7212385.0,1.1
19,E12000002,In low income (below threshold),"£10,000 but less than £16,000",42925.333333333336,2018-19 - 2021-22,7212385.0,0.6
20,E12000002,In low income (below threshold),"£16,000 but less than £20,000",14733.666666666666,2018-19 - 2021-22,7212385.0,0.2
21,E12000002,In low income (below threshold),"£20,000 or more",121286.0,2018-19 - 2021-22,7212385.0,1.7
22,E12000002,In low income (below threshold),"£3,000 but less than £8,000",100057.0,2018-19 - 2021-22,7212385.0,1.4
23,E12000002,In low income (below threshold),"£8,000 but less than £10,000",24552.333333333332,2018-19 - 2021-22,7212385.0,0.3
32,E12000003,In low income (below threshold),"Less than £1,500",305523.6666666667,2018-19 - 2021-22,5412344.0,5.6
33,E12000003,In low income (below threshold),No savings,467817.6666666667,2018-19 - 2021-22,5412344.0,8.6
34,E12000003,In low income (below threshold),"£1,500 but less than £3,000",66604.33333333333,2018-19 - 2021-22,5412344.0,1.2
35,E12000003,In low income (below threshold),"£10,000 but less than £16,000",32993.0,2018-19 - 2021-22,5412344.0,0.6
36,E12000003,In low income (below threshold),"£16,000 but less than £20,000",22084.0,2018-19 - 2021-22,5412344.0,0.4
37,E12000003,In low income (below threshold),"£20,000 or more",105691.33333333333,2018-19 - 2021-22,5412344.0,2.0
38,E12000003,In low income (below threshold),"£3,000 but less than £8,000",99153.0,2018-19 - 2021-22,5412344.0,1.8
39,E12000003,In low income (below threshold),"£8,000 but less than £10,000",25546.333333333332,2018-19 - 2021-22,5412344.0,0.5
0,E12000001,In low income (below threshold),"Less than £1,500",252020.5,2019-20 - 2021-22,2619901.0,9.6
1,E12000001,In low income (below threshold),No savings,142881.5,2019-20 - 2021-22,2619901.0,5.5
2,E12000001,In low income (below threshold),"£1,500 but less than £3,000",22386.0,2019-20 - 2021-22,2619901.0,0.9
3,E12000001,In low income (below threshold),"£10,000 but less than £16,000",20688.5,2019-20 - 2021-22,2619901.0,0.8
4,E12000001,In low income (below threshold),"£16,000 but less than £20,000",10429.5,2019-20 - 2021-22,2619901.0,0.4
5,E12000001,In low income (below threshold),"£20,000 or more",47329.0,2019-20 - 2021-22,2619901.0,1.8
6,E12000001,In low income (below threshold),"£3,000 but less than £8,000",36541.5,2019-20 - 2021-22,2619901.0,1.4
7,E12000001,In low income (below threshold),"£8,000 but less than £10,000",11923.0,2019-20 - 2021-22,2619901.0,0.5
16,E12000002,In low income (below threshold),"Less than £1,500",532737.5,2019-20 - 2021-22,7221958.0,7.4
17,E12000002,In low income (below threshold),No savings,423953.0,2019-20 - 2021-22,7221958.0,5.9
18,E12000002,In low income (below threshold),"£1,500 but less than £3,000",100620.0,2019-20 - 2021-22,7221958.0,1.4
19,E12000002,In low income (below threshold),"£10,000 but less than £16,000",41881.0,2019-20 - 2021-22,7221958.0,0.6
20,E12000002,In low income (below threshold),"£16,000 but less than £20,000",16934.5,2019-20 - 2021-22,7221958.0,0.2
21,E12000002,In low income (below threshold),"£20,000 or more",111605.0,2019-20 - 2021-22,7221958.0,1.5
22,E12000002,In low income (below threshold),"£3,000 but less than £8,000",101312.0,2019-20 - 2021-22,7221958.0,1.4
23,E12000002,In low income (below threshold),"£8,000 but less than £10,000",20680.5,2019-20 - 2021-22,7221958.0,0.3
32,E12000003,In low income (below threshold),"Less than £1,500",404171.5,2019-20 - 2021-22,5416455.0,7.5
33,E12000003,In low income (below threshold),No savings,311941.5,2019-20 - 2021-22,5416455.0,5.8
34,E12000003,In low income (below threshold),"£1,500 but less than £3,000",72865.0,2019-20 - 2021-22,5416455.0,1.3
35,E12000003,In low income (below threshold),"£10,000 but less than £16,000",34259.0,2019-20 - 2021-22,5416455.0,0.6
36,E12000003,In low income (below threshold),"£16,000 but less than £20,000",24729.0,2019-20 - 2021-22,5416455.0,0.5
37,E12000003,In low income (below threshold),"£20,000 or more",112769.5,2019-20 - 2021-22,5416455.0,2.1
38,E12000003,In low income (below threshold),"£3,000 but less than £8,000",103358.0,2019-20 - 2021-22,5416455.0,1.9
39,E12000003,In low income (below threshold),"£8,000 but less than £10,000",28498.0,2019-20 - 2021-22,5416455.0,0.5
